{
  "ABIRoot": {
    "kind": "Root",
    "name": "TopLevel",
    "printedName": "TopLevel",
    "children": [
      {
        "kind": "Import",
        "name": "Foundation",
        "printedName": "Foundation",
        "declKind": "Import",
        "moduleName": "maxFramework",
        "declAttributes": [
          "RawDocComment"
        ]
      },
      {
        "kind": "TypeDecl",
        "name": "location",
        "printedName": "location",
        "children": [
          {
            "kind": "Constructor",
            "name": "init",
            "printedName": "init()",
            "children": [
              {
                "kind": "TypeNominal",
                "name": "location",
                "printedName": "maxFramework.location",
                "usr": "s:12maxFramework8locationC"
              }
            ],
            "declKind": "Constructor",
            "usr": "s:12maxFramework8locationCACycfc",
            "mangledName": "$s12maxFramework8locationCACycfc",
            "moduleName": "maxFramework",
            "declAttributes": [
              "AccessControl"
            ],
            "init_kind": "Designated"
          },
          {
            "kind": "Function",
            "name": "log",
            "printedName": "log(message:)",
            "children": [
              {
                "kind": "TypeNominal",
                "name": "Void",
                "printedName": "()"
              },
              {
                "kind": "TypeNominal",
                "name": "String",
                "printedName": "Swift.String",
                "usr": "s:SS"
              }
            ],
            "declKind": "Func",
            "usr": "s:12maxFramework8locationC3log7messageySS_tF",
            "mangledName": "$s12maxFramework8locationC3log7messageySS_tF",
            "moduleName": "maxFramework",
            "declAttributes": [
              "AccessControl"
            ],
            "funcSelfKind": "NonMutating"
          }
        ],
        "declKind": "Class",
        "usr": "s:12maxFramework8locationC",
        "mangledName": "$s12maxFramework8locationC",
        "moduleName": "maxFramework",
        "declAttributes": [
          "AccessControl"
        ]
      }
    ],
    "json_format_version": 8
  },
  "ConstValues": [
    {
      "filePath": "\/Users\/spectra-ios\/Desktop\/maxFramework\/maxFramework\/location.swift",
      "kind": "StringLiteral",
      "offset": 208,
      "length": 15,
      "value": "\"Log message: \""
    }
  ]
}